Bridge form family,Predicted probability
girder_beam,0.9984173199245735
rigid_frame,0.000771625499130301
arch,0.0007371461902733934
truss,7.390838602305175e-05
